"Sadio", "El Hadji", "sadio@mailme.com", ""
"Sonko", "Yacine", "sonko@mailme.com", ""
"Tine", "Abdoulaye", "tine@mailme.com", ""
"Ndour", "Anta", "ndour@mailme.com", ""
"Nguirane", "Mor", "nguirane@mailme.com", ""
"Ndiaye", "Néné", "ndiaye@mailme.com", ""
"Coundoul", "Ibrahima", "coundoul@mailme.com", ""
"Sagna", "Aminata", "sagna@mailme.com", ""
"Diop", "Pape", "diop@mailme.com", ""
"Gningue", "Diaw", "gningue@mailme.com", ""
"Ndiaye", "Kine", "ndiaye@mailme.com", ""
"Dabo", "Ousmane", "dabo@mailme.com", ""