"Ndiaye", "Fatou", "ndiaye@mailme.com", 2, "1234"
"Fall", "Mamadou", "fall@mailme.com", 3, "1234"
"Mbodj", "Aminata", "mbodj@mailme.com", 1, "1234"
"Diallo", "Samba", "diallo@mailme.com", 4, "1234"
"Cissé", "Ndeye", "cisse@mailme.com", 5, "1234"
"Sow", "Oumar", "sow@mailme.com", 1, "1234"
"Niang", "Khady", "niang@mailme.com", 2, "1234"
"Ndoye", "Cheikh", "ndoye@mailme.com", 8, "1234"
"Faye", "Mariama", "faye@mailme.com", 10, "1234"
"Gueye", "Abdoulaye", "gueye@mailme.com", 2, "1234"
"Ba", "Adama", "ba@mailme.com", 2, "1234"
"Touré", "Fatoumata", "toure@mailme.com", 6, "1234"
"Camara", "Moussa", "camara@mailme.com", 7, "1234"
"Bâ", "Khadidiatou", "@mailme.com", 12, "1234"
"Sy", "Lamine", "sy@mailme.com", 13, "1234"
"Gaye", "Ndeye", "gaye@mailme.com", 11, "1234"
"Cissé", "Moussa", "cisse@mailme.com", 12, "1234"
"Sow", "Aminata", "sow@mailme.com", 2, "1234"
"Niang", "El Hadji", "niang@mailme.com", 1, "1234"
"Ndoye", "Bineta", "ndoye@mailme.com", 3, "1234"
"Faye", "Moustapha", "faye@mailme.com", 22, "1234"
"Gueye", "Coumba", "gueye@mailme.com", 1, "1234"
"Ba", "Cheikh", "ba@mailme.com", 3, "1234"
"Dieng", "Nafi", "dieng@mailme.com", 0, "1234"
"Tandian", "Issa", "tandian@mailme.com", 0, "1234"
"Diakhaté", "Sokhna", "diakhate@mailme.com", 2, "1234"
"Camara", "Mamadou", "camara@mailme.com", 0, "1234"
"Diakité", "Ndèye", "diakhate@mailme.com", 3, "1234"
"Ndiaye", "Papa", "ndiaye@mailme.com", 8, "1234"
"Coly", "Ndeye", "coly@mailme.com", 12, "1234"
"Niang", "Ibrahima", "niang@mailme.com", 0, "1234"
"Thiaw", "Fatou", "thiaw@mailme.com", 1, "1234"
"Sagna", "Mamadou", "sagna@mailme.com", 2, "1234"
"Ndione", "Aissatou", "ndione@mailme.com", 0, "1234"
"Faye", "Aliou", "faye@mailme.com", 0, "1234"
"Traoré", "Ndeye", "traore@mailme.com", 12, "1234"
"Seck", "Mamadou", "seck@mailme.com", 0, "1234"
"Badiane", "Aminata", "badiane@mailme.com", 12, "1234"
"Kane", "Boubacar", "kane@mailme.com", 0, "1234"
"Diouf", "Adja", "diouf@mailme.com", 0, "1234"
"Cissé", "Sokhna", "cisse@mailme.com", 2, "1234"
"Ndiaye", "Omar", "ndiaye@mailme.com", 12, "1234"
"Diop", "Aminata", "diop@mailme.com", 0, "1234"
"Fall", "Moussa", "fall@mailme.com", 12, "1234"
"Gaye", "Nafissatou", "gaye@mailme.com", 2, "1234"
"Ndiaye", "Moussa", "ndiaye@mailme.com", 1, "1234"
"Dione", "Ndeye", "dione@mailme.com", 12, "1234"
"Diouf", "El Hadji", "diouf@mailme.com", 3, "1234"
"Gueye", "Coumba", "gueye@mailme.com", 4, "1234"
"Sarr", "Abdoulaye", "sarr@mailme.com", 3, "1234"
"Dieng", "Aminata", "dieng@mailme.com", 12, "1234"
"Diop", "Mamadou", "diop@mailme.com", 12, "1234"
"Mbengue", "Néné", "mbengue@mailme.com", 9, "1234"
"Niang", "Ibrahim", "niang@mailme.com", 12, "1234"
"Sène", "Kadiatou", "sene@mailme.com", 0, "1234"
"Ngom", "Ousmane", "ngom@mailme.com", 0, "1234"
"Dieng", "Ndeye", "dieng@mailme.com", 12, "1234"
"Diop", "Mamadou", "diop@mailme.com", 0, "1234"
"Mbengue", "Fatou", "mbengue@mailme.com", 2, "1234"
"Niang", "Cheikh", "niang@mailme.com", 12, "1234"
"Sène", "Awa", "sene@mailme.com", 1, "1234"
"Ngom", "Pape", "ngom@mailme.com", 9, "1234"
"Sato", "Hana", "sato@mailme.com", 12, "1234" 
"Suzuki", "Haru", "suzuki@mailme.com", 6, "1234" 